Workbook

Sheet ltp
A1: Date | B1: JUTESPINN | C1: NORTHERN | D1: SONALIANSH
A2: 45804 | B2: 192.9 | C2: 90.3 | D2: 144.1 | F2: 2025-05-27 closing PRICE
A3: 45805 | B3: 202.8 | C3: 85.5 | D3: 138.8

Sheet ff
A1: Date | B1: JUTESPINN | C1: NORTHERN | D1: SONALIANSH
A2: 45804 | B2: 60.18 | C2: 84.91 | D2: 68.98
A3: 45805 | B3: 60.18 | C3: 84.91 | D3: 68.98

Sheet total_share
A1: Date | B1: JUTESPINN | C1: NORTHERN | D1: SONALIANSH
A2: 45804 | B2: 1700000 | C2: 2142000 | D2: 10848000
A3: 45805 | B3: 1700000 | C3: 2142000 | D3: 10848000

Sheet raw_mcap
A1: Date | B1: JUTESPINN | C1: NORTHERN | D1: SONALIANSH
A2: 45804 | B2: =ltp!B2*total_share!B2 -> 327930000 | C2: =ltp!C2*total_share!C2 -> 193422600 | D2: =ltp!D2*total_share!D2 -> 1563196800
A3: 45805 | B3: =ltp!B3*total_share!B3 -> 344760000 | C3: =ltp!C3*total_share!C3 -> 183141000 | D3: =ltp!D3*total_share!D3 -> 1.5057024e+09

Sheet ff_mcap
A1: Date | B1: JUTESPINN | C1: NORTHERN | D1: SONALIANSH
A2: 45804 | B2: =ltp!B2*total_share!B2*ff!B2/100 -> 197348274 | C2: =ltp!C2*total_share!C2*ff!C2/100 -> 1.6423513e+08 | D2: =ltp!D2*total_share!D2*ff!D2/100 -> 1.0782932e+09
A3: 45805 | B3: =ltp!B3*total_share!B3*ff!B3/100 -> 207476568 | C3: =ltp!C3*total_share!C3*ff!C3/100 -> 1.5550502e+08 | D3: =ltp!D3*total_share!D3*ff!D3/100 -> 1.0386335e+09

Sheet mcap_weight
A1: Date | B1: JUTESPINN | C1: NORTHERN | D1: SONALIANSH
A2: 45804 | B2: =(ff_mcap!B2)/(ff_mcap!B2+ff_mcap!C2+ff_mcap!D2) -> 0.13705916 | C2: =(ff_mcap!C2)/(ff_mcap!B2+ff_mcap!C2+ff_mcap!D2) -> 0.11406195 | D2: =(ff_mcap!D2)/(ff_mcap!B2+ff_mcap!C2+ff_mcap!D2) -> 0.74887889
A3: 45805 | B3: =(ff_mcap!B3)/(ff_mcap!B3+ff_mcap!C3+ff_mcap!D3) -> 0.14802678 | C3: =(ff_mcap!C3)/(ff_mcap!B3+ff_mcap!C3+ff_mcap!D3) -> 0.11094702 | D3: =(ff_mcap!D3)/(ff_mcap!B3+ff_mcap!C3+ff_mcap!D3) -> 0.7410262

Sheet return
A1: Price Return | I1: Weights | P1: Weighted Return | V1: Index
A2: Date | B2: JUTESPINN | C2: NORTHERN | D2: SONALIANSH | I2: Date | J2: JUTESPINN | K2: NORTHERN | L2: SONALIANSH | P2: Date | Q2: JUTESPINN | R2: NORTHERN | S2: SONALIANSH | V2: Date | W2: Index | X2: Return
A3: 45804 | B3: 0 | C3: 0 | D3: 0 | I3: 45804 | J3: =mcap_weight!B2 -> 0.13705916 | K3: =mcap_weight!C2 -> 0.11406195 | L3: =mcap_weight!D2 -> 0.74887889 | P3: 45804 | Q3: =J3*B3 -> 0 | R3: =K3*C3 -> 0 | S3: =L3*D3 -> 0 | V3: 45804 | W3: 100 | X3: 0
A4: 45805 | B4: =(ff_mcap!B3/ff_mcap!B2)-1 -> 0.051321928 | C4: =(ff_mcap!C3/ff_mcap!C2)-1 -> -0.053156146 | D4: =(ff_mcap!D3/ff_mcap!D2)-1 -> -0.036780014 | I4: 45805 | J4: =mcap_weight!B3 -> 0.14802678 | K4: =mcap_weight!C3 -> 0.11094702 | L4: =mcap_weight!D3 -> 0.7410262 | P4: 45805 | Q4: =J4*B4 -> 0.0075970197 | R4: =K4*C4 -> -0.0058975162 | S4: =L4*D4 -> -0.027254954 | V4: 45805 | W4: =W3*(1+X4) -> 97.444455 | X4: =SUM(Q4:S4) -> -0.02555545
